SearchTimestamp,PickupLocation,PickupDateTime,ReturnDateTime2025-10-10 16:34:46,"Godrive Kamphaeng Saen",04/05/2025 00:00,05/05/2025 00:002025-10-15 14:08:54,"Godrive Kamphaeng Saen",03/03/2025 09:00,02/04/2025 10:00
2025-10-15 14:12:55,"Godrive Kamphaeng Saen",03/05/2025 10:00,02/06/2025 10:00
2025-10-15 14:16:32,"Godrive Kamphaeng Saen",03/02/2025 09:00,04/06/2025 09:00
2025-10-15 14:24:01,"Godrive Kamphaeng Saen",03/03/2025 09:00,01/04/2025 09:00
2025-10-15 14:26:25,"Godrive Kamphaeng Saen",04/01/2025 09:00,05/01/2025 09:00
2025-10-15 17:10:11,"Godrive Kamphaeng Saen",01/01/2025 09:00,02/01/2025 09:00
2025-10-15 17:14:57,"Godrive Kamphaeng Saen",01/01/2025 11:11,02/01/2025 11:11
2025-10-15 17:16:43,"Godrive Kamphaeng Saen",01/01/2025 11:11,02/01/2025 11:11
2025-10-15 17:23:28,"Godrive Kamphaeng Saen",05/05/2025 00:00,07/05/2025 00:00
2025-10-15 17:32:42,"Godrive Kamphaeng Saen",05/05/2025 00:00,07/05/2025 00:00
2025-10-15 17:35:08,"Godrive Kamphaeng Saen",05/07/2025 00:00,07/07/2025 00:00
2025-10-15 17:36:55,"Godrive Kamphaeng Saen",01/01/2025 11:11,02/02/2025 11:11
2025-10-15 17:49:02,"Godrive Kamphaeng Saen",03/07/2025 09:00,06/08/2025 09:00
2025-10-15 18:14:13,"Godrive Kamphaeng Saen",02/02/2025 09:00,01/03/2025 09:00
2025-10-15 18:15:22,"Godrive Kamphaeng Saen",03/03/2025 09:09,01/04/2025 09:09
2025-10-15 18:15:44,"Godrive Kamphaeng Saen",01/03/2025 00:00,03/05/2025 00:00
2025-10-15 18:18:37,"Godrive Kamphaeng Saen",01/01/2025 00:00,01/02/2025 00:00
2025-10-15 18:24:17,"Godrive Kamphaeng Saen",01/01/2025 11:11,02/01/2025 11:11
2025-10-15 18:29:35,"Godrive Kamphaeng Saen",01/02/2025 11:11,01/03/2025 11:11
2025-10-15 18:31:29,"Godrive Kamphaeng Saen",02/01/2025 09:09,02/03/2025 09:09
2025-10-15 18:32:37,"Godrive Kamphaeng Saen",04/04/2025 03:33,03/05/2025 03:33
2025-10-15 18:34:52,"Godrive Kamphaeng Saen",03/02/2025 09:09,01/04/2025 09:09
2025-10-15 18:41:45,"Godrive Kamphaeng Saen",01/03/2025 09:00,02/04/2025 09:00
2025-10-15 18:44:14,"Godrive Kamphaeng Saen",02/03/2025 11:11,03/04/2025 11:11
2025-10-15 18:50:38,"Godrive Kamphaeng Saen",02/03/2025 01:01,03/03/2025 01:01
2025-10-15 18:53:56,"Godrive Kamphaeng Saen",04/03/2025 11:11,01/05/2025 11:11
2025-10-15 20:07:22,"Godrive Kamphaeng Saen",02/02/2025 11:11,03/04/2025 11:11
2025-10-15 20:09:55,"Godrive Kamphaeng Saen",09/02/2025 08:11,10/02/2025 08:11
2025-10-15 20:12:15,"Godrive Kamphaeng Saen",03/02/2025 09:06,02/04/2025 09:09
2025-10-15 20:17:44,"Godrive Kamphaeng Saen",02/03/2025 09:09,02/04/2025 08:08
2025-10-15 20:24:40,"Godrive Kamphaeng Saen",01/01/2025 09:00,02/01/2025 09:00
2025-10-15 20:32:10,"Godrive Kamphaeng Saen",03/01/2025 09:00,02/02/2025 09:09
2025-10-15 20:32:53,"Godrive Kamphaeng Saen",01/01/2025 04:00,01/02/2025 08:00
2025-10-15 20:33:38,"Godrive Kamphaeng Saen",02/01/2025 09:09,01/02/2025 09:09
2025-10-15 20:35:51,"Godrive Kamphaeng Saen",03/01/2025 03:02,01/03/2025 02:02
2025-10-15 20:36:53,"Godrive Kamphaeng Saen",01/01/2025 02:02,02/02/2025 02:02
2025-10-15 20:38:36,"Godrive Kamphaeng Saen",02/03/2025 09:00,02/04/2025 09:00
2025-10-15 20:39:47,"Godrive Kamphaeng Saen",06/06/2025 09:00,07/06/2025 09:00
2025-10-15 20:40:09,"Godrive Kamphaeng Saen",03/02/2025 09:00,03/05/2025 00:00
2025-10-15 20:40:59,"Godrive Kamphaeng Saen",02/02/2025 11:11,01/05/2025 11:11
2025-10-15 20:43:00,"Godrive Kamphaeng Saen",01/01/2025 11:11,02/01/2025 11:11
2025-10-15 20:43:54,"Godrive Kamphaeng Saen",03/02/2025 11:11,03/04/2025 11:11
2025-10-15 20:44:50,"Godrive Kamphaeng Saen",05/01/2025 11:11,02/04/2025 11:11
2025-10-15 20:46:30,"Godrive Kamphaeng Saen",04/02/2025 11:11,02/04/2025 11:11
2025-10-15 20:48:57,"Godrive Kamphaeng Saen",03/04/2025 11:11,05/05/2025 11:11
2025-10-15 20:56:36,"Godrive Kamphaeng Saen",04/01/2025 09:09,02/03/2025 09:09
2025-10-15 20:58:01,"Godrive Kamphaeng Saen",04/03/2025 07:09,02/05/2025 08:09
2025-10-15 20:59:48,"Godrive Kamphaeng Saen",03/04/2025 08:08,02/06/2025 08:08
2025-10-15 21:01:14,"Godrive Kamphaeng Saen",04/07/2025 06:06,06/07/2025 06:06
2025-10-15 21:08:59,"Godrive Kamphaeng Saen",03/05/2025 06:06,02/06/2025 06:08
2025-10-15 21:13:00,"Godrive Kamphaeng Saen",03/02/2025 09:09,02/05/2025 09:09
2025-10-15 21:32:03,"Godrive Kamphaeng Saen",02/02/2025 01:01,01/03/2025 01:01
